{
  "shape": [
    2035490,
    825869
  ],
  "nnz": 117307,
  "density": 6.978206075203746e-08,
  "value_min": 1.0,
  "value_max": 2.0,
  "value_mean": 1.7477644681930542
}