{
  "shape": [
    5000,
    6441
  ],
  "nnz": 18266,
  "density": 0.0005671790094705791,
  "value_min": 1.0,
  "value_max": 5.0,
  "value_mean": 4.182032108306885
}